пить пиво,нужно больше,DAILY,3,1000-12-12
пить пиво,нужно больше,DAILY,3,1000-12-12
пить пиво,нужно больше,DAILY,3,1000-12-12
пить пиво,нужно больше,DAILY,3,1000-12-12
пить пиво,нужно больше,DAILY,3,1000-12-12
фывфывф,фывфывф,SINGLE,2,2024-12-17
ff,asd,SINGLE,1,1213-12-12
ff,asd,SINGLE,1,1213-12-12
ff,asd,SINGLE,1,1213-12-12
ff,asd,SINGLE,1,1213-12-12
ff,asd,SINGLE,1,1213-12-12
ff,asd,SINGLE,1,1213-12-12
ff,asd,SINGLE,1,1213-12-12
ff,asd,SINGLE,1,1213-12-12
ff,asd,SINGLE,1,1213-12-12
ff,asd,SINGLE,1,1213-12-12
ff,asd,SINGLE,1,1213-12-12
ff,asd,SINGLE,1,1213-12-12
ff,asd,SINGLE,1,1213-12-12
ff,asd,SINGLE,1,1213-12-12
ff,asd,SINGLE,1,1213-12-12
ff,asd,SINGLE,1,1213-12-12
ff,asd,SINGLE,1,1213-12-12
ff,asd,SINGLE,1,1213-12-12
ff,asd,SINGLE,1,1213-12-12
ff,asd,SINGLE,1,1213-12-12
ff,asd,SINGLE,1,1213-12-12
ff,asd,SINGLE,1,1213-12-12
